{"count":1,"self":303.6124928,"total":1313.9660468,"children":{"InitializeActuators":{"count":12,"self":0.0012346,"total":0.0012346,"children":null},"InitializeSensors":{"count":12,"self":0.0010050999999999999,"total":0.0010050999999999999,"children":null},"AgentSendState":{"count":682067,"self":14.346876799999999,"total":25.844441099999997,"children":{"CollectObservations":{"count":818484,"self":1.2221503,"total":1.2221503,"children":null},"WriteActionMask":{"count":818484,"self":0.2991707,"total":0.2991707,"children":null},"RequestDecision":{"count":818484,"self":1.1519845,"total":9.9762436,"children":{"AgentInfo.ToProto":{"count":818484,"self":0.90963699999999992,"total":8.824259099999999,"children":{"GenerateSensorData":{"count":818484,"self":6.6358543999999995,"total":7.9146221,"children":{"RayPerceptionSensor.Perceive":{"count":818484,"self":1.2787678999999998,"total":1.2787678999999998,"children":null}}}}}}}}},"DecideAction":{"count":682067,"self":967.9567872,"total":967.95680029999994,"children":null},"AgentAct":{"count":682067,"self":16.2645792,"total":16.3646156,"children":{"AgentInfo.ToProto":{"count":6977,"self":0.0269037,"total":0.1000358,"children":{"GenerateSensorData":{"count":6977,"self":0.0555837,"total":0.073132099999999992,"children":{"RayPerceptionSensor.Perceive":{"count":6977,"self":0.0175484,"total":0.0175484,"children":null}}}}}}},"AgentInfo.ToProto":{"count":12191,"self":0.050962099999999996,"total":0.1838396,"children":{"GenerateSensorData":{"count":12191,"self":0.0914354,"total":0.13287749999999998,"children":{"RayPerceptionSensor.Perceive":{"count":12191,"self":0.041442099999999996,"total":0.041442099999999996,"children":null}}}}}},"gauges":{"AirplaneAgent.CumulativeReward":{"count":19168,"max":12.2782469,"min":-12.4879913,"runningAverage":2.2643764,"value":-4.31162453,"weightedAverage":2.904858}},"metadata":{"timer_format_version":"0.1.0","start_time_seconds":"1718615197","unity_version":"2022.3.10f1","command_line_arguments":"C:\\Program Files\\Unity\\Hub\\Editor\\2022.3.10f1\\Editor\\Unity.exe -projectpath C:\\Users\\lande\\Github\\Unity\\Project_VR-Experience_SkyRacer -useHub -hubIPC -cloudEnvironment production -licensingIpc LicenseClient-XA3xCbsy1QNd4BT0UgK7W -hubSessionId 266c1dcf-cacc-4249-9666-805023291edf -accessToken V-LJEcvLdrGd_-D9o94Nung9_-Pw0OzGjxhh7FLvOT8012f","communication_protocol_version":"1.5.0","com.unity.ml-agents_version":"2.0.1","scene_name":"Trainging_scene","end_time_seconds":"1718616511"}}