{"count":1,"self":189.49024,"total":842.8013078,"children":{"InitializeActuators":{"count":10,"self":0.0020001,"total":0.0020001,"children":null},"InitializeSensors":{"count":10,"self":0.00094409999999999991,"total":0.00094409999999999991,"children":null},"AgentSendState":{"count":510151,"self":1.2752647,"total":4.9784628999999994,"children":{"CollectObservations":{"count":510160,"self":0.7878695,"total":0.7878695,"children":null},"WriteActionMask":{"count":510160,"self":0.182333,"total":0.182333,"children":null},"RequestDecision":{"count":510160,"self":0.7130324,"total":2.7329957,"children":{"AgentInfo.ToProto":{"count":510160,"self":0.698031,"total":2.0199633,"children":{"GenerateSensorData":{"count":510160,"self":1.3219322999999998,"total":1.3219322999999998,"children":null}}}}}}},"DecideAction":{"count":510151,"self":638.8928,"total":638.8927782,"children":null},"AgentAct":{"count":510151,"self":9.322951999999999,"total":9.3959184999999987,"children":{"AgentInfo.ToProto":{"count":7433,"self":0.030620599999999998,"total":0.0729667,"children":{"GenerateSensorData":{"count":7433,"self":0.0423461,"total":0.0423461,"children":null}}}}},"AgentInfo.ToProto":{"count":3603,"self":0.010565699999999999,"total":0.0399678,"children":{"GenerateSensorData":{"count":3603,"self":0.029402099999999997,"total":0.029402099999999997,"children":null}}}},"gauges":{"AirplaneAgent.CumulativeReward":{"count":11036,"max":11.4329691,"min":-13.07546,"runningAverage":1.42397094,"value":-2.67530751,"weightedAverage":1.99692714}},"metadata":{"timer_format_version":"0.1.0","start_time_seconds":"1718567147","unity_version":"2022.3.10f1","command_line_arguments":"C:\\Program Files\\Unity\\Hub\\Editor\\2022.3.10f1\\Editor\\Unity.exe -projectpath C:\\Users\\lande\\Github\\Unity\\Project_VR-Experience_SkyRacer -useHub -hubIPC -cloudEnvironment production -licensingIpc LicenseClient-uuY9c5Kd8ic6xUbE4rsTy -hubSessionId 841ab2db-2145-4974-8dc7-2949ac861737 -accessToken FjyXD7l-k8_PpC3mLlHkguhr8uSjCCW9kVXwOdIaME0012f","communication_protocol_version":"1.5.0","com.unity.ml-agents_version":"2.0.1","scene_name":"Trainging_scene","end_time_seconds":"1718567990"}}