{
    "name": "root",
    "gauges": {
        "AirplaneAgent.Policy.Entropy.mean": {
            "value": 0.21870042383670807,
            "min": 0.21153631806373596,
            "max": 0.22476767003536224,
            "count": 27
        },
        "AirplaneAgent.Policy.Entropy.sum": {
            "value": 437.4008483886719,
            "min": 320.9682312011719,
            "max": 442.8739013671875,
            "count": 27
        },
        "AirplaneAgent.Step.mean": {
            "value": 1381948.0,
            "min": 1329980.0,
            "max": 1381948.0,
            "count": 27
        },
        "AirplaneAgent.Step.sum": {
            "value": 1381948.0,
            "min": 1329980.0,
            "max": 1381948.0,
            "count": 27
        },
        "AirplaneAgent.Policy.ExtrinsicValueEstimate.mean": {
            "value": 121.99723815917969,
            "min": 70.06971740722656,
            "max": 209.61480712890625,
            "count": 27
        },
        "AirplaneAgent.Policy.ExtrinsicValueEstimate.sum": {
            "value": 4879.8896484375,
            "min": 2802.78857421875,
            "max": 6603.564453125,
            "count": 27
        },
        "AirplaneAgent.Environment.EpisodeLength.mean": {
            "value": 199.0,
            "min": 35.46,
            "max": 199.0,
            "count": 27
        },
        "AirplaneAgent.Environment.EpisodeLength.sum": {
            "value": 1990.0,
            "min": 494.0,
            "max": 1990.0,
            "count": 27
        },
        "AirplaneAgent.Environment.CumulativeReward.mean": {
            "value": 249.7535905599594,
            "min": 37.982002097305376,
            "max": 251.65359510183333,
            "count": 27
        },
        "AirplaneAgent.Environment.CumulativeReward.sum": {
            "value": 2497.535905599594,
            "min": 300.04293966293335,
            "max": 2516.5359510183334,
            "count": 27
        },
        "AirplaneAgent.Policy.ExtrinsicReward.mean": {
            "value": 249.7535905599594,
            "min": 37.982002097305376,
            "max": 251.65359510183333,
            "count": 27
        },
        "AirplaneAgent.Policy.ExtrinsicReward.sum": {
            "value": 2497.535905599594,
            "min": 300.04293966293335,
            "max": 2516.5359510183334,
            "count": 27
        },
        "AirplaneAgent.IsTraining.mean": {
            "value": 1.0,
            "min": 1.0,
            "max": 1.0,
            "count": 27
        },
        "AirplaneAgent.IsTraining.sum": {
            "value": 1.0,
            "min": 1.0,
            "max": 1.0,
            "count": 27
        },
        "AirplaneAgent.Losses.PolicyLoss.mean": {
            "value": 0.10658158920705318,
            "min": 0.08049495322241758,
            "max": 0.11079516710015014,
            "count": 25
        },
        "AirplaneAgent.Losses.PolicyLoss.sum": {
            "value": 0.10658158920705318,
            "min": 0.08049495322241758,
            "max": 0.11079516710015014,
            "count": 25
        },
        "AirplaneAgent.Losses.ValueLoss.mean": {
            "value": 20.52393525590499,
            "min": 7.250174256662528,
            "max": 703.2005910873413,
            "count": 25
        },
        "AirplaneAgent.Losses.ValueLoss.sum": {
            "value": 20.52393525590499,
            "min": 7.250174256662528,
            "max": 703.2005910873413,
            "count": 25
        },
        "AirplaneAgent.Policy.LearningRate.mean": {
            "value": 0.000291717914760696,
            "min": 0.000291717914760696,
            "max": 0.00029201592266136004,
            "count": 25
        },
        "AirplaneAgent.Policy.LearningRate.sum": {
            "value": 0.000291717914760696,
            "min": 0.000291717914760696,
            "max": 0.00029201592266136004,
            "count": 25
        },
        "AirplaneAgent.Policy.Epsilon.mean": {
            "value": 0.197239304,
            "min": 0.197239304,
            "max": 0.19733863999999998,
            "count": 25
        },
        "AirplaneAgent.Policy.Epsilon.sum": {
            "value": 0.197239304,
            "min": 0.197239304,
            "max": 0.19733863999999998,
            "count": 25
        },
        "AirplaneAgent.Policy.Beta.mean": {
            "value": 0.0005000000000000001,
            "min": 0.0005000000000000001,
            "max": 0.0005000000000000001,
            "count": 25
        },
        "AirplaneAgent.Policy.Beta.sum": {
            "value": 0.0005000000000000001,
            "min": 0.0005000000000000001,
            "max": 0.0005000000000000001,
            "count": 25
        }
    },
    "metadata": {
        "timer_format_version": "0.1.0",
        "start_time_seconds": "1718662220",
        "python_version": "3.9.18 (main, Sep 11 2023, 14:09:26) [MSC v.1916 64 bit (AMD64)]",
        "command_line_arguments": "C:\\Users\\lande\\anaconda3\\envs\\mlagents\\Scripts\\mlagents-learn config/AirplaneAgent.yaml --run-id=AirlpaneAgent3d_improved --resume",
        "mlagents_version": "0.30.0",
        "mlagents_envs_version": "0.30.0",
        "communication_protocol_version": "1.5.0",
        "pytorch_version": "1.7.1+cu110",
        "numpy_version": "1.21.2",
        "end_time_seconds": "1718662810"
    },
    "total": 589.8654403,
    "count": 1,
    "self": 0.004157500000133041,
    "children": {
        "run_training.setup": {
            "total": 0.05781369999999997,
            "count": 1,
            "self": 0.05781369999999997
        },
        "TrainerController.start_learning": {
            "total": 589.8034690999999,
            "count": 1,
            "self": 0.8170024000056628,
            "children": {
                "TrainerController._reset_env": {
                    "total": 14.543792400000001,
                    "count": 1,
                    "self": 14.543792400000001
                },
                "TrainerController.advance": {
                    "total": 574.3708861999942,
                    "count": 54150,
                    "self": 0.7098227999921392,
                    "children": {
                        "env_step": {
                            "total": 534.7237653000026,
                            "count": 54150,
                            "self": 339.5200096000103,
                            "children": {
                                "SubprocessEnvManager._take_step": {
                                    "total": 194.70358029999576,
                                    "count": 54151,
                                    "self": 1.9832093999991116,
                                    "children": {
                                        "TorchPolicy.evaluate": {
                                            "total": 192.72037089999665,
                                            "count": 53867,
                                            "self": 192.72037089999665
                                        }
                                    }
                                },
                                "workers": {
                                    "total": 0.5001753999964969,
                                    "count": 54149,
                                    "self": 0.0,
                                    "children": {
                                        "worker_root": {
                                            "total": 556.3861257999949,
                                            "count": 54149,
                                            "is_parallel": true,
                                            "self": 268.1377575999955,
                                            "children": {
                                                "steps_from_proto": {
                                                    "total": 0.0006827999999998724,
                                                    "count": 2,