{
    "name": "root",
    "gauges": {
        "AirplaneAgent.Policy.Entropy.mean": {
            "value": 0.22586661577224731,
            "min": 0.22586661577224731,
            "max": 0.43131157755851746,
            "count": 211
        },
        "AirplaneAgent.Policy.Entropy.sum": {
            "value": 430.9534912109375,
            "min": 430.9534912109375,
            "max": 875.12841796875,
            "count": 211
        },
        "AirplaneAgent.Step.mean": {
            "value": 1327972.0,
            "min": 907997.0,
            "max": 1327972.0,
            "count": 211
        },
        "AirplaneAgent.Step.sum": {
            "value": 1327972.0,
            "min": 907997.0,
            "max": 1327972.0,
            "count": 211
        },
        "AirplaneAgent.Policy.ExtrinsicValueEstimate.mean": {
            "value": 73.70394897460938,
            "min": 50.282012939453125,
            "max": 80.75353240966797,
            "count": 211
        },
        "AirplaneAgent.Policy.ExtrinsicValueEstimate.sum": {
            "value": 3390.381591796875,
            "min": 1358.021240234375,
            "max": 3633.908935546875,
            "count": 211
        },
        "AirplaneAgent.Environment.EpisodeLength.mean": {
            "value": 136.375,
            "min": 132.06666666666666,
            "max": 182.88888888888889,
            "count": 211
        },
        "AirplaneAgent.Environment.EpisodeLength.sum": {
            "value": 2182.0,
            "min": 1480.0,
            "max": 2454.0,
            "count": 211
        },
        "AirplaneAgent.Environment.CumulativeReward.mean": {
            "value": 198.99590772390366,
            "min": 95.71341755986214,
            "max": 212.25809713510367,
            "count": 211
        },
        "AirplaneAgent.Environment.CumulativeReward.sum": {
            "value": 3183.9345235824585,
            "min": 1148.5610107183456,
            "max": 3676.496723175049,
            "count": 211
        },
        "AirplaneAgent.Policy.ExtrinsicReward.mean": {
            "value": 198.99590772390366,
            "min": 95.71341755986214,
            "max": 212.25809713510367,
            "count": 211
        },
        "AirplaneAgent.Policy.ExtrinsicReward.sum": {
            "value": 3183.9345235824585,
            "min": 1148.5610107183456,
            "max": 3676.496723175049,
            "count": 211
        },
        "AirplaneAgent.IsTraining.mean": {
            "value": 1.0,
            "min": 1.0,
            "max": 1.0,
            "count": 211
        },
        "AirplaneAgent.IsTraining.sum": {
            "value": 1.0,
            "min": 1.0,
            "max": 1.0,
            "count": 211
        },
        "AirplaneAgent.Losses.PolicyLoss.mean": {
            "value": 0.09584409730935779,
            "min": 0.07857864251127467,
            "max": 0.11830052322087188,
            "count": 202
        },
        "AirplaneAgent.Losses.PolicyLoss.sum": {
            "value": 0.09584409730935779,
            "min": 0.07857864251127467,
            "max": 0.11830052322087188,
            "count": 202
        },
        "AirplaneAgent.Losses.ValueLoss.mean": {
            "value": 5.937085255980492,
            "min": 1.5846260270724695,
            "max": 159.70922748247781,
            "count": 202
        },
        "AirplaneAgent.Losses.ValueLoss.sum": {
            "value": 5.937085255980492,
            "min": 1.5846260270724695,
            "max": 159.70922748247781,
            "count": 202
        },
        "AirplaneAgent.Policy.LearningRate.mean": {
            "value": 0.00029204058265314,
            "min": 0.00029204058265314,
            "max": 0.000294548419817194,
            "count": 202
        },
        "AirplaneAgent.Policy.LearningRate.sum": {
            "value": 0.00029204058265314,
            "min": 0.00029204058265314,
            "max": 0.000294548419817194,
            "count": 202
        },
        "AirplaneAgent.Policy.Epsilon.mean": {
            "value": 0.19734686000000004,
            "min": 0.19734686000000004,
            "max": 0.19818280600000002,
            "count": 202
        },
        "AirplaneAgent.Policy.Epsilon.sum": {
            "value": 0.19734686000000004,
            "min": 0.19734686000000004,
            "max": 0.19818280600000002,
            "count": 202
        },
        "AirplaneAgent.Policy.Beta.mean": {
            "value": 0.0005000000000000001,
            "min": 0.0005000000000000001,
            "max": 0.0005000000000000001,
            "count": 202
        },
        "AirplaneAgent.Policy.Beta.sum": {
            "value": 0.0005000000000000001,
            "min": 0.0005000000000000001,
            "max": 0.0005000000000000001,
            "count": 202
        }
    },
    "metadata": {
        "timer_format_version": "0.1.0",
        "start_time_seconds": "1718655907",
        "python_version": "3.9.18 (main, Sep 11 2023, 14:09:26) [MSC v.1916 64 bit (AMD64)]",
        "command_line_arguments": "C:\\Users\\lande\\anaconda3\\envs\\mlagents\\Scripts\\mlagents-learn config/AirplaneAgent.yaml --run-id=AirlpaneAgent3d_improved --resume",
        "mlagents_version": "0.30.0",
        "mlagents_envs_version": "0.30.0",
        "communication_protocol_version": "1.5.0",
        "pytorch_version": "1.7.1+cu110",
        "numpy_version": "1.21.2",
        "end_time_seconds": "1718656825"
    },
    "total": 918.3367800999999,
    "count": 1,
    "self": 0.0064813999998705185,
    "children": {
        "run_training.setup": {
            "total": 0.06910859999999996,
            "count": 1,
            "self": 0.06910859999999996
        },
        "TrainerController.start_learning": {
            "total": 918.2611901,
            "count": 1,
            "self": 0.871714200004476,
            "children": {
                "TrainerController._reset_env": {
                    "total": 8.1781863,
                    "count": 1,
                    "self": 8.1781863
                },
                "TrainerController.advance": {
                    "total": 909.1567347999955,
                    "count": 49511,
                    "self": 0.8656325000094967,
                    "children": {
                        "env_step": {
                            "total": 602.920550699993,
                            "count": 49511,
                            "self": 438.18348809998673,
                            "children": {
                                "SubprocessEnvManager._take_step": {
                                    "total": 164.1862204000042,
                                    "count": 49511,
                                    "self": 2.2892846000050042,
                                    "children": {
                                        "TorchPolicy.evaluate": {
                                            "total": 161.8969357999992,
                                            "count": 46922,
                                            "self": 161.8969357999992
                                        }
                                    }
                                },
                                "workers": {
                                    "total": 0.5508422000020623,
                                    "count": 49510,
                                    "self": 0.0,
                                    "children": {
                                        "worker_root": {
                                            "total": 847.9407745999978,
                                            "count": 49510,
                                            "is_parallel": true,
                                            "self": 514.7701988000033,
                                            "children": {
                                                "steps_from_proto": {
                                                    "total": 0.0006862000000005253,