{
    "name": "root",
    "gauges": {
        "AirplaneAgent.Policy.Entropy.mean": {
            "value": 0.5053238272666931,
            "min": 0.5053238272666931,
            "max": 1.4189385175704956,
            "count": 404
        },
        "AirplaneAgent.Policy.Entropy.sum": {
            "value": 1024.7967529296875,
            "min": 983.2857666015625,
            "max": 3064.9072265625,
            "count": 404
        },
        "AirplaneAgent.Environment.EpisodeLength.mean": {
            "value": 25.786666666666665,
            "min": 20.159574468085108,
            "max": 58.0625,
            "count": 404
        },
        "AirplaneAgent.Environment.EpisodeLength.sum": {
            "value": 1934.0,
            "min": 1858.0,
            "max": 2036.0,
            "count": 404
        },
        "AirplaneAgent.Step.mean": {
            "value": 807991.0,
            "min": 1949.0,
            "max": 807991.0,
            "count": 404
        },
        "AirplaneAgent.Step.sum": {
            "value": 807991.0,
            "min": 1949.0,
            "max": 807991.0,
            "count": 404
        },
        "AirplaneAgent.Policy.ExtrinsicValueEstimate.mean": {
            "value": 4.376976490020752,
            "min": -6.463392734527588,
            "max": 4.9916863441467285,
            "count": 404
        },
        "AirplaneAgent.Policy.ExtrinsicValueEstimate.sum": {
            "value": 328.27325439453125,
            "min": -284.8937072753906,
            "max": 390.9986877441406,
            "count": 404
        },
        "AirplaneAgent.Environment.CumulativeReward.mean": {
            "value": 5.004138494829337,
            "min": -8.357438180757606,
            "max": 5.60273765904062,
            "count": 404
        },
        "AirplaneAgent.Environment.CumulativeReward.sum": {
            "value": 375.31038711220026,
            "min": -386.433739900589,
            "max": 462.53497898578644,
            "count": 404
        },
        "AirplaneAgent.Policy.ExtrinsicReward.mean": {
            "value": 5.004138494829337,
            "min": -8.357438180757606,
            "max": 5.60273765904062,
            "count": 404
        },
        "AirplaneAgent.Policy.ExtrinsicReward.sum": {
            "value": 375.31038711220026,
            "min": -386.433739900589,
            "max": 462.53497898578644,
            "count": 404
        },
        "AirplaneAgent.IsTraining.mean": {
            "value": 1.0,
            "min": 1.0,
            "max": 1.0,
            "count": 404
        },
        "AirplaneAgent.IsTraining.sum": {
            "value": 1.0,
            "min": 1.0,
            "max": 1.0,
            "count": 404
        },
        "AirplaneAgent.Losses.PolicyLoss.mean": {
            "value": 0.08265722480913003,
            "min": 0.07718718479736708,
            "max": 0.12179487673953797,
            "count": 390
        },
        "AirplaneAgent.Losses.PolicyLoss.sum": {
            "value": 0.08265722480913003,
            "min": 0.07718718479736708,
            "max": 0.12179487673953797,
            "count": 390
        },
        "AirplaneAgent.Losses.ValueLoss.mean": {
            "value": 0.3112223206553608,
            "min": 0.0828791472595185,
            "max": 8.893387734889984,
            "count": 390
        },
        "AirplaneAgent.Losses.ValueLoss.sum": {
            "value": 0.3112223206553608,
            "min": 0.0828791472595185,
            "max": 8.893387734889984,
            "count": 390
        },
        "AirplaneAgent.Policy.LearningRate.mean": {
            "value": 0.000295155469614844,
            "min": 0.000295155469614844,
            "max": 0.00029998758600413794,
            "count": 390
        },
        "AirplaneAgent.Policy.LearningRate.sum": {
            "value": 0.000295155469614844,
            "min": 0.000295155469614844,
            "max": 0.00029998758600413794,
            "count": 390
        },
        "AirplaneAgent.Policy.Epsilon.mean": {
            "value": 0.19838515600000003,
            "min": 0.19838515600000003,
            "max": 0.199995862,
            "count": 390
        },
        "AirplaneAgent.Policy.Epsilon.sum": {
            "value": 0.19838515600000003,
            "min": 0.19838515600000003,
            "max": 0.199995862,
            "count": 390
        },
        "AirplaneAgent.Policy.Beta.mean": {
            "value": 0.0005000000000000001,
            "min": 0.0005000000000000001,
            "max": 0.0005000000000000001,
            "count": 390
        },
        "AirplaneAgent.Policy.Beta.sum": {
            "value": 0.0005000000000000001,
            "min": 0.0005000000000000001,
            "max": 0.0005000000000000001,
            "count": 390
        }
    },
    "metadata": {
        "timer_format_version": "0.1.0",
        "start_time_seconds": "1718619803",
        "python_version": "3.9.18 (main, Sep 11 2023, 14:09:26) [MSC v.1916 64 bit (AMD64)]",
        "command_line_arguments": "C:\\Users\\lande\\anaconda3\\envs\\mlagents\\Scripts\\mlagents-learn config/AirplaneAgent.yaml --run-id=AirlpaneAgent3d_improved --force",
        "mlagents_version": "0.30.0",
        "mlagents_envs_version": "0.30.0",
        "communication_protocol_version": "1.5.0",
        "pytorch_version": "1.7.1+cu110",
        "numpy_version": "1.21.2",
        "end_time_seconds": "1718621168"
    },
    "total": 1364.7297007,
    "count": 1,
    "self": 0.0045236999999360705,
    "children": {
        "run_training.setup": {
            "total": 0.05735770000000007,
            "count": 1,
            "self": 0.05735770000000007
        },
        "TrainerController.start_learning": {
            "total": 1364.6678193,
            "count": 1,
            "self": 1.3287983000107033,
            "children": {
                "TrainerController._reset_env": {
                    "total": 10.761954000000001,
                    "count": 1,
                    "self": 10.761954000000001
                },
                "TrainerController.advance": {
                    "total": 1352.5228732999892,
                    "count": 90738,
                    "self": 1.1819247999976596,
                    "children": {
                        "env_step": {
                            "total": 796.0917189999936,
                            "count": 90738,
                            "self": 596.8653943999744,
                            "children": {
                                "SubprocessEnvManager._take_step": {
                                    "total": 198.41579570000854,
                                    "count": 90738,
                                    "self": 2.9944596999851854,
                                    "children": {
                                        "TorchPolicy.evaluate": {
                                            "total": 195.42133600002336,
                                            "count": 67468,
                                            "self": 195.42133600002336
                                        }
                                    }
                                },
                                "workers": {
                                    "total": 0.8105289000106257,
                                    "count": 90738,
                                    "self": 0.0,
                                    "children": {
                                        "worker_root": {
                                            "total": 1352.8344879999927,
                                            "count": 90738,
                                            "is_parallel": true,
                                            "self": 822.5036346999946,
                                            "children": {
                                                "steps_from_proto": {
                                                    "total": 0.0004989999999995831,