{
    "name": "root",
    "gauges": {
        "AirplaneAgent.Policy.Entropy.mean": {
            "value": 1.4954607486724854,
            "min": 1.4342390298843384,
            "max": 1.4954607486724854,
            "count": 4
        },
        "AirplaneAgent.Policy.Entropy.sum": {
            "value": 2990.92138671875,
            "min": 2868.47802734375,
            "max": 2990.92138671875,
            "count": 4
        },
        "AirplaneAgent.Step.mean": {
            "value": 7964.0,
            "min": 1964.0,
            "max": 7964.0,
            "count": 4
        },
        "AirplaneAgent.Step.sum": {
            "value": 7964.0,
            "min": 1964.0,
            "max": 7964.0,
            "count": 4
        },
        "AirplaneAgent.Policy.ExtrinsicValueEstimate.mean": {
            "value": 22.766971588134766,
            "min": 22.766971588134766,
            "max": 47.88610076904297,
            "count": 4
        },
        "AirplaneAgent.Policy.ExtrinsicValueEstimate.sum": {
            "value": 910.6788330078125,
            "min": 910.6788330078125,
            "max": 1915.4439697265625,
            "count": 4
        },
        "AirplaneAgent.Environment.EpisodeLength.mean": {
            "value": 99.0,
            "min": 99.0,
            "max": 99.0,
            "count": 4
        },
        "AirplaneAgent.Environment.EpisodeLength.sum": {
            "value": 1980.0,
            "min": 1980.0,
            "max": 1980.0,
            "count": 4
        },
        "AirplaneAgent.Environment.CumulativeReward.mean": {
            "value": 7.85363205075264,
            "min": 6.224075430317929,
            "max": 8.43440067768097,
            "count": 4
        },
        "AirplaneAgent.Environment.CumulativeReward.sum": {
            "value": 157.0726410150528,
            "min": 118.25743317604065,
            "max": 168.68801355361938,
            "count": 4
        },
        "AirplaneAgent.Policy.ExtrinsicReward.mean": {
            "value": 7.85363205075264,
            "min": 6.224075430317929,
            "max": 8.43440067768097,
            "count": 4
        },
        "AirplaneAgent.Policy.ExtrinsicReward.sum": {
            "value": 157.0726410150528,
            "min": 118.25743317604065,
            "max": 168.68801355361938,
            "count": 4
        },
        "AirplaneAgent.Losses.PolicyLoss.mean": {
            "value": 0.24048077627399908,
            "min": 0.24048077627399908,
            "max": 0.2521302747382947,
            "count": 4
        },
        "AirplaneAgent.Losses.PolicyLoss.sum": {
            "value": 3.366730867835987,
            "min": 3.126445755546089,
            "max": 3.366730867835987,
            "count": 4
        },
        "AirplaneAgent.Losses.ValueLoss.mean": {
            "value": 17.137891598591658,
            "min": 17.137891598591658,
            "max": 77.40620372007938,
            "count": 4
        },
        "AirplaneAgent.Losses.ValueLoss.sum": {
            "value": 239.9304823802832,
            "min": 239.9304823802832,
            "max": 1006.2806483610318,
            "count": 4
        },
        "AirplaneAgent.Policy.LearningRate.mean": {
            "value": 0.000258108013964,
            "min": 0.000258108013964,
            "max": 0.00029365477134584605,
            "count": 4
        },
        "AirplaneAgent.Policy.LearningRate.sum": {
            "value": 0.0036135121954959997,
            "min": 0.003513312128895999,
            "max": 0.003817512027495999,
            "count": 4
        },
        "AirplaneAgent.Policy.Epsilon.mean": {
            "value": 0.186036,
            "min": 0.186036,
            "max": 0.1978849230769231,
            "count": 4
        },
        "AirplaneAgent.Policy.Epsilon.sum": {
            "value": 2.604504,
            "min": 2.471104,
            "max": 2.604504,
            "count": 4
        },
        "AirplaneAgent.Policy.Beta.mean": {
            "value": 0.0005000000000000002,
            "min": 0.0005000000000000002,
            "max": 0.0005000000000000002,
            "count": 4
        },
        "AirplaneAgent.Policy.Beta.sum": {
            "value": 0.007000000000000003,
            "min": 0.006500000000000002,
            "max": 0.007000000000000003,
            "count": 4
        },
        "AirplaneAgent.IsTraining.mean": {
            "value": 1.0,
            "min": 1.0,
            "max": 1.0,
            "count": 4
        },
        "AirplaneAgent.IsTraining.sum": {
            "value": 1.0,
            "min": 1.0,
            "max": 1.0,
            "count": 4
        }
    },
    "metadata": {
        "timer_format_version": "0.1.0",
        "start_time_seconds": "1718491535",
        "python_version": "3.9.18 (main, Sep 11 2023, 14:09:26) [MSC v.1916 64 bit (AMD64)]",
        "command_line_arguments": "C:\\Users\\lande\\anaconda3\\envs\\mlagents\\Scripts\\mlagents-learn config/AirplaneAgent.yaml --run-id=AirplaneAgent --force",
        "mlagents_version": "0.30.0",
        "mlagents_envs_version": "0.30.0",
        "communication_protocol_version": "1.5.0",
        "pytorch_version": "1.7.1+cu110",
        "numpy_version": "1.21.2",
        "end_time_seconds": "1718491843"
    },
    "total": 307.8054795,
    "count": 1,
    "self": 0.003892800000016905,
    "children": {
        "run_training.setup": {
            "total": 0.05935610000000002,
            "count": 1,
            "self": 0.05935610000000002
        },
        "TrainerController.start_learning": {
            "total": 307.74223059999997,
            "count": 1,
            "self": 0.14463380000211146,
            "children": {
                "TrainerController._reset_env": {
                    "total": 37.385453,
                    "count": 1,
                    "self": 37.385453
                },
                "TrainerController.advance": {
                    "total": 270.15249109999786,
                    "count": 9682,
                    "self": 0.12487999999660815,
                    "children": {
                        "env_step": {
                            "total": 238.16559550000093,
                            "count": 9682,
                            "self": 210.1699234999968,
                            "children": {
                                "SubprocessEnvManager._take_step": {
                                    "total": 27.91008430000243,
                                    "count": 9682,
                                    "self": 0.35866690000362667,
                                    "children": {
                                        "TorchPolicy.evaluate": {
                                            "total": 27.551417399998805,
                                            "count": 9682,
                                            "self": 27.551417399998805
                                        }
                                    }
                                },
                                "workers": {
                                    "total": 0.08558770000169602,
                                    "count": 9681,
                                    "self": 0.0,
                                    "children": {
                                        "worker_root": {
                                            "total": 183.9774582000003,
                                            "count": 9681,
                                            "is_parallel": true,
                                            "self": 67.11418080000041,
                                            "children": {
                                                "steps_from_proto": {
                                                    "total": 0.00029299999999921056,
                                                    "count": 1,
                                                    "is_parallel": true,
                                                    "self": 0.00015739999999908605,