{
    "name": "root",
    "metadata": {
        "timer_format_version": "0.1.0",
        "start_time_seconds": "1718221616",
        "python_version": "3.9.18 (main, Sep 11 2023, 14:09:26) [MSC v.1916 64 bit (AMD64)]",
        "command_line_arguments": "C:\\Users\\lande\\anaconda3\\envs\\mlagents\\Scripts\\mlagents-learn config/AirplaneAgent.yaml --run-id=AirplaneAgent --force",
        "mlagents_version": "0.30.0",
        "mlagents_envs_version": "0.30.0",
        "communication_protocol_version": "1.5.0",
        "pytorch_version": "1.7.1+cu110",
        "numpy_version": "1.21.2",
        "end_time_seconds": "1718221633"
    },
    "total": 17.1979756,
    "count": 1,
    "self": 0.0035452999999989743,
    "children": {
        "run_training.setup": {
            "total": 0.05845520000000004,
            "count": 1,
            "self": 0.05845520000000004
        },
        "TrainerController.start_learning": {
            "total": 17.1359751,
            "count": 1,
            "self": 0.0057436000000130605,
            "children": {
                "TrainerController._reset_env": {
                    "total": 6.7480398,
                    "count": 1,
                    "self": 6.7480398
                },
                "TrainerController.advance": {
                    "total": 10.310688099999986,
                    "count": 436,
                    "self": 0.004904699999965345,
                    "children": {
                        "env_step": {
                            "total": 9.07812310000002,
                            "count": 436,
                            "self": 6.856935699999991,
                            "children": {
                                "SubprocessEnvManager._take_step": {
                                    "total": 2.217797100000003,
                                    "count": 436,
                                    "self": 0.014765700000022974,
                                    "children": {
                                        "TorchPolicy.evaluate": {
                                            "total": 2.20303139999998,
                                            "count": 436,
                                            "self": 2.20303139999998
                                        }
                                    }
                                },
                                "workers": {
                                    "total": 0.0033903000000261585,
                                    "count": 435,
                                    "self": 0.0,
                                    "children": {
                                        "worker_root": {
                                            "total": 8.351939200000006,
                                            "count": 435,
                                            "is_parallel": true,
                                            "self": 5.5797880000000255,
                                            "children": {
                                                "steps_from_proto": {
                                                    "total": 0.00029140000000005273,
                                                    "count": 1,
                                                    "is_parallel": true,
                                                    "self": 0.00014409999999998035,
                                                    "children": {
                                                        "_process_rank_one_or_two_observation": {
                                                            "total": 0.00014730000000007237,
                                                            "count": 2,
                                                            "is_parallel": true,
                                                            "self": 0.00014730000000007237
                                                        }
                                                    }
                                                },
                                                "UnityEnvironment.step": {
                                                    "total": 2.77185979999998,
                                                    "count": 435,
                                                    "is_parallel": true,
                                                    "self": 0.01919569999998494,
                                                    "children": {
                                                        "UnityEnvironment._generate_step_input": {
                                                            "total": 0.016997800000001284,
                                                            "count": 435,
                                                            "is_parallel": true,
                                                            "self": 0.016997800000001284
                                                        },
                                                        "communicator.exchange": {
                                                            "total": 2.6713251999999885,
                                                            "count": 435,
                                                            "is_parallel": true,
                                                            "self": 2.6713251999999885
                                                        },
                                                        "steps_from_proto": {
                                                            "total": 0.06434110000000537,
                                                            "count": 435,
                                                            "is_parallel": true,
                                                            "self": 0.04064179999998352,
                                                            "children": {
                                                                "_process_rank_one_or_two_observation": {
                                                                    "total": 0.02369930000002185,
                                                                    "count": 870,
                                                                    "is_parallel": true,
                                                                    "self": 0.02369930000002185
                                                                }
                                                            }
                                                        }
                                                    }
                                                }
                                            }
                                        }
                                    }
                                }
                            }
                        },
                        "trainer_advance": {
                            "total": 1.2276603000000001,
                            "count": 435,
                            "self": 0.006899300000002384,
                            "children": {
                                "process_trajectory": {
                                    "total": 0.023507199999997397,
                                    "count": 435,
                                    "self": 0.023507199999997397
                                },
                                "_update_policy": {
                                    "total": 1.1972538000000004,
                                    "count": 2,
                                    "self": 0.03228680000000317,
                                    "children": {
                                        "TorchPPOOptimizer.update": {
                                            "total": 1.1649669999999972,
                                            "count": 87,